{
  "0": {
    "parents": [
      1,
      3,
      4
    ],
    "prob": [
      [
        [
          0,
          0,
          0
        ],
        0.39920706376269616
      ],
      [
        [
          0,
          0,
          1
        ],
        0.702724690275631
      ],
      [
        [
          0,
          1,
          0
        ],
        0.6707556004671009
      ],
      [
        [
          0,
          1,
          1
        ],
        0.08142151692940044
      ],
      [
        [
          1,
          0,
          0
        ],
        0.7094561841126216
      ],
      [
        [
          1,
          0,
          1
        ],
        0.8234803436207083
      ],
      [
        [
          1,
          1,
          0
        ],
        0.8621743985533896
      ],
      [
        [
          1,
          1,
          1
        ],
        0.6592363421783056
      ]
    ]
  },
  "1": {
    "parents": [
      4
    ],
    "prob": [
      [
        [
          0
        ],
        0.7306506940413784
      ],
      [
        [
          1
        ],
        0.3911877454865617
      ]
    ]
  },
  "2": {
    "parents": [
      3,
      4
    ],
    "prob": [
      [
        [
          0,
          0
        ],
        0.8336108162972973
      ],
      [
        [
          0,
          1
        ],
        0.6447430068152599
      ],
      [
        [
          1,
          0
        ],
        0.8854766447519153
      ],
      [
        [
          1,
          1
        ],
        0.8889243351141288
      ]
    ]
  },
  "3": {
    "parents": [
      4
    ],
    "prob": [
      [
        [
          0
        ],
        0.5620172781561279
      ],
      [
        [
          1
        ],
        0.7792135317623661
      ]
    ]
  },
  "4": {
    "parents": [],
    "prob": [
      [
        [],
        0.5851523423883237
      ]
    ]
  }
}