{
  "0": {
    "parents": [],
    "prob": [
      [
        [],
        0.05178006521224377
      ]
    ]
  },
  "1": {
    "parents": [],
    "prob": [
      [
        [],
        0.7806338492482856
      ]
    ]
  },
  "2": {
    "parents": [],
    "prob": [
      [
        [],
        0.6266193795436865
      ]
    ]
  },
  "3": {
    "parents": [
      0,
      1,
      2
    ],
    "prob": [
      [
        [
          0,
          0,
          0
        ],
        0.2886935904139629
      ],
      [
        [
          0,
          0,
          1
        ],
        0.02082016857533997
      ],
      [
        [
          0,
          1,
          0
        ],
        0.8781119030246431
      ],
      [
        [
          0,
          1,
          1
        ],
        0.4940521927963831
      ],
      [
        [
          1,
          0,
          0
        ],
        0.2492549759176224
      ],
      [
        [
          1,
          0,
          1
        ],
        0.8249357166489514
      ],
      [
        [
          1,
          1,
          0
        ],
        0.27463676424449834
      ],
      [
        [
          1,
          1,
          1
        ],
        0.46401795507765714
      ]
    ]
  },
  "4": {
    "parents": [
      1
    ],
    "prob": [
      [
        [
          0
        ],
        0.9310784612790012
      ],
      [
        [
          1
        ],
        0.425758989735412
      ]
    ]
  },
  "5": {
    "parents": [],
    "prob": [
      [
        [],
        0.7357883556179767
      ]
    ]
  },
  "6": {
    "parents": [
      0,
      5
    ],
    "prob": [
      [
        [
          0,
          0
        ],
        0.15008143414871222
      ],
      [
        [
          0,
          1
        ],
        0.9458059731439483
      ],
      [
        [
          1,
          0
        ],
        0.29171268663609584
      ],
      [
        [
          1,
          1
        ],
        0.8152530031995082
      ]
    ]
  },
  "7": {
    "parents": [],
    "prob": [
      [
        [],
        0.614822671171432
      ]
    ]
  },
  "8": {
    "parents": [],
    "prob": [
      [
        [],
        0.899118720549884
      ]
    ]
  },
  "9": {
    "parents": [
      3,
      7,
      8
    ],
    "prob": [
      [
        [
          0,
          0,
          0
        ],
        0.09801427700384073
      ],
      [
        [
          0,
          0,
          1
        ],
        0.6142916346216643
      ],
      [
        [
          0,
          1,
          0
        ],
        0.8094560466814693
      ],
      [
        [
          0,
          1,
          1
        ],
        0.2289870854771604
      ],
      [
        [
          1,
          0,
          0
        ],
        0.07211320124413129
      ],
      [
        [
          1,
          0,
          1
        ],
        0.9971236163834885
      ],
      [
        [
          1,
          1,
          0
        ],
        0.19124481374830526
      ],
      [
        [
          1,
          1,
          1
        ],
        0.8498060246101955
      ]
    ]
  }
}